INSERT INTO Nonprofit(nid, name, webpage, location) VALUES (1, 'Planned Parenthood', 'https://www.plannedparenthood.org/', 'US');
INSERT INTO Nonprofit(nid, name, webpage, location) VALUES (2, 'Global Fund for Women', 'http://www.globalfundforwomen.org/', 'International');
INSERT INTO Nonprofit(nid, name, webpage, location) VALUES (3, 'UN Women', 'http://www.unwomen.org/en', 'International');
INSERT INTO Nonprofit(nid, name, webpage, location) VALUES (4, 'One Billion Risin', 'http://www.onebillionrising.org/', 'International');
INSERT INTO Nonprofit(nid, name, webpage, location) VALUES (5, 'Anita Borg Institute', 'http://anitaborg.org/', 'International');
INSERT INTO Nonprofit(nid, name, webpage, location) VALUES (6, "Women's Refugee Commission", 'https://www.womensrefugeecommission.org/', 'International');
INSERT INTO Nonprofit(nid, name, webpage, location) VALUES (7, 'Women Living Under Muslim Laws', 'http://www.wluml.org/', 'International');
INSERT INTO Nonprofit(nid, name, webpage, location) VALUES (8, 'Promundo', 'http://promundoglobal.org/', 'International');
INSERT INTO Nonprofit(nid, name, webpage, location) VALUES (9, 'Guttmacher Institute', 'https://www.guttmacher.org/', 'International');
INSERT INTO Nonprofit(nid, name, webpage, location) VALUES (10, 'National Latina Institute for Reproductive Health', 'http://www.latinainstitute.org/en', 'US');
INSERT INTO Nonprofit(nid, name, webpage, location) VALUES (11, "She's the First", 'https://www.shesthefirst.org/', 'International');
INSERT INTO Nonprofit(nid, name, webpage, location) VALUES (12, 'Girls Write Now', 'http://www.girlswritenow.org/', 'US');
INSERT INTO Nonprofit(nid, name, webpage, location) VALUES (13, 'Girls Who Code', 'http://girlswhocode.com/', 'US');
INSERT INTO Nonprofit(nid, name, webpage, location) VALUES (14, 'Girls For A Change', 'http://www.girlsforachange.org/', 'US');
INSERT INTO Nonprofit(nid, name, webpage, location) VALUES (15, 'Step Up', 'https://www.suwn.org/', 'US');
INSERT INTO Nonprofit(nid, name, webpage, location) VALUES (16, 'Global Alliance for Clean Cookstoves', 'http://cleancookstoves.org/', 'International');
INSERT INTO Nonprofit(nid, name, webpage, location) VALUES (17, 'Dress for Success', 'https://www.dressforsuccess.org/', 'International');
INSERT INTO Nonprofit(nid, name, webpage, location) VALUES (18, 'Women\'s Wilderness', 'https://www.womenswilderness.org/', 'US');
INSERT INTO Nonprofit(nid, name, webpage, location) VALUES (19, 'Alliance for Girls', 'http://www.alliance4girls.org/', 'US');
INSERT INTO Nonprofit(nid, name, webpage, location) VALUES (20, 'Women for Women International', 'http://www.womenforwomen.org/', 'International');
INSERT INTO Nonprofit(nid, name, webpage, location) VALUES (21, 'Association for Women\'s Rights in Development', 'http://www.awid.org/', 'International');
INSERT INTO Nonprofit(nid, name, webpage, location) VALUES (22, 'Pathfinder International', 'http://www.pathfinder.org/', 'International');
INSERT INTO Nonprofit(nid, name, webpage, location) VALUES (23, 'Population Services International', 'http://www.psi.org/', 'International');
INSERT INTO Nonprofit(nid, name, webpage, location) VALUES (24, 'Tostan', 'http://tostan.org/', 'Africa');

INSERT INTO Keyword(kid, word) VALUES (100, 'parenthood');
INSERT INTO Keyword(kid, word) VALUES (101, 'pregnancy');
INSERT INTO Keyword(kid, word) VALUES (102, 'planned');
INSERT INTO Keyword(kid, word) VALUES (103, 'birth');
INSERT INTO Keyword(kid, word) VALUES (110, 'families');
INSERT INTO Keyword(kid, word) VALUES (111, 'health');
INSERT INTO Keyword(kid, word) VALUES (104, 'violence');
INSERT INTO Keyword(kid, word) VALUES (105, 'equality');
INSERT INTO Keyword(kid, word) VALUES (106, 'rights');
INSERT INTO Keyword(kid, word) VALUES (107, 'work');
INSERT INTO Keyword(kid, word) VALUES (108, 'discrimination');
INSERT INTO Keyword(kid, word) VALUES (109, 'world');
INSERT INTO Keyword(kid, word) VALUES (112, 'empowerment');
INSERT INTO Keyword(kid, word) VALUES (113, 'united');
INSERT INTO Keyword(kid, word) VALUES (114, 'school');
INSERT INTO Keyword(kid, word) VALUES (115, 'unesco');
INSERT INTO Keyword(kid, word) VALUES (116, 'nations');
INSERT INTO Keyword(kid, word) VALUES (117, 'technology');
INSERT INTO Keyword(kid, word) VALUES (118, 'refugees');
INSERT INTO Keyword(kid, word) VALUES (119, 'muslim');
INSERT INTO Keyword(kid, word) VALUES (120, 'brazil');
INSERT INTO Keyword(kid, word) VALUES (121, 'reproductive');
INSERT INTO Keyword(kid, word) VALUES (122, 'contraceptive');
INSERT INTO Keyword(kid, word) VALUES (123, 'abortion');
INSERT INTO Keyword(kid, word) VALUES (124, 'policy');
INSERT INTO Keyword(kid, word) VALUES (125, 'latina');
INSERT INTO Keyword(kid, word) VALUES (126, 'scholarships');
INSERT INTO Keyword(kid, word) VALUES (127, 'graduates');
INSERT INTO Keyword(kid, word) VALUES (128, 'education');
INSERT INTO Keyword(kid, word) VALUES (129, 'firstgeneration');
INSERT INTO Keyword(kid, word) VALUES (130, 'writing');
INSERT INTO Keyword(kid, word) VALUES (131, 'write');
INSERT INTO Keyword(kid, word) VALUES (132, 'high');
INSERT INTO Keyword(kid, word) VALUES (133, 'code');
INSERT INTO Keyword(kid, word) VALUES (134, 'computer');
INSERT INTO Keyword(kid, word) VALUES (135, 'science');
INSERT INTO Keyword(kid, word) VALUES (136, 'business');
INSERT INTO Keyword(kid, word) VALUES (137, 'teen');
INSERT INTO Keyword(kid, word) VALUES (138, 'network');
INSERT INTO Keyword(kid, word) VALUES (139, 'mentor');
INSERT INTO Keyword(kid, word) VALUES (140, 'cookstoves');
INSERT INTO Keyword(kid, word) VALUES (141, 'cooking');
INSERT INTO Keyword(kid, word) VALUES (142, 'success');
INSERT INTO Keyword(kid, word) VALUES (144, 'professional');
INSERT INTO Keyword(kid, word) VALUES (145, 'dress');
INSERT INTO Keyword(kid, word) VALUES (146, 'wilderness');
INSERT INTO Keyword(kid, word) VALUES (147, 'adventure');
INSERT INTO Keyword(kid, word) VALUES (148, 'leadership');
INSERT INTO Keyword(kid, word) VALUES (149, 'war');
INSERT INTO Keyword(kid, word) VALUES (150, 'conflict');
INSERT INTO Keyword(kid, word) VALUES (151, 'skills');
INSERT INTO Keyword(kid, word) VALUES (152, 'justice');
INSERT INTO Keyword(kid, word) VALUES (153, 'sexual');
INSERT INTO Keyword(kid, word) VALUES (154, 'malaria');
INSERT INTO Keyword(kid, word) VALUES (155, 'hiv');
INSERT INTO Keyword(kid, word) VALUES (156, 'development');

INSERT INTO Keyword_map(mid, nonprofit_id, keyword_id) VALUES (500, 1, 100);
INSERT INTO Keyword_map(mid, nonprofit_id, keyword_id) VALUES (501, 1, 101);
INSERT INTO Keyword_map(mid, nonprofit_id, keyword_id) VALUES (502, 1, 102);
INSERT INTO Keyword_map(mid, nonprofit_id, keyword_id) VALUES (503, 1, 103);
INSERT INTO Keyword_map(mid, nonprofit_id, keyword_id) VALUES (510, 1, 110);
INSERT INTO Keyword_map(mid, nonprofit_id, keyword_id) VALUES (511, 1, 111);
INSERT INTO Keyword_map(mid, nonprofit_id, keyword_id) VALUES (504, 2, 104);
INSERT INTO Keyword_map(mid, nonprofit_id, keyword_id) VALUES (505, 2, 105);
INSERT INTO Keyword_map(mid, nonprofit_id, keyword_id) VALUES (506, 2, 106);
INSERT INTO Keyword_map(mid, nonprofit_id, keyword_id) VALUES (507, 2, 107);
INSERT INTO Keyword_map(mid, nonprofit_id, keyword_id) VALUES (508, 2, 108);
INSERT INTO Keyword_map(mid, nonprofit_id, keyword_id) VALUES (509, 2, 109);
INSERT INTO Keyword_map(mid, nonprofit_id, keyword_id) VALUES (512, 3, 105);
INSERT INTO Keyword_map(mid, nonprofit_id, keyword_id) VALUES (513, 3, 112);
INSERT INTO Keyword_map(mid, nonprofit_id, keyword_id) VALUES (514, 3, 113);
INSERT INTO Keyword_map(mid, nonprofit_id, keyword_id) VALUES (515, 3, 114);
INSERT INTO Keyword_map(mid, nonprofit_id, keyword_id) VALUES (516, 3, 115);
INSERT INTO Keyword_map(mid, nonprofit_id, keyword_id) VALUES (517, 3, 116);
INSERT INTO Keyword_map(mid, nonprofit_id, keyword_id) VALUES (518, 4, 104);
INSERT INTO Keyword_map(mid, nonprofit_id, keyword_id) VALUES (519, 5, 117);
INSERT INTO Keyword_map(mid, nonprofit_id, keyword_id) VALUES (520, 6, 118);
INSERT INTO Keyword_map(mid, nonprofit_id, keyword_id) VALUES (521, 7, 119);
INSERT INTO Keyword_map(mid, nonprofit_id, keyword_id) VALUES (522, 8, 104);
INSERT INTO Keyword_map(mid, nonprofit_id, keyword_id) VALUES (523, 8, 120);
INSERT INTO Keyword_map(mid, nonprofit_id, keyword_id) VALUES (524, 9, 121);
INSERT INTO Keyword_map(mid, nonprofit_id, keyword_id) VALUES (525, 9, 122);
INSERT INTO Keyword_map(mid, nonprofit_id, keyword_id) VALUES (526, 9, 123);
INSERT INTO Keyword_map(mid, nonprofit_id, keyword_id) VALUES (527, 9, 111);
INSERT INTO Keyword_map(mid, nonprofit_id, keyword_id) VALUES (528, 9, 124);
INSERT INTO Keyword_map(mid, nonprofit_id, keyword_id) VALUES (529, 10, 125);
INSERT INTO Keyword_map(mid, nonprofit_id, keyword_id) VALUES (530, 10, 121);
INSERT INTO Keyword_map(mid, nonprofit_id, keyword_id) VALUES (531, 10, 111);
INSERT INTO Keyword_map(mid, nonprofit_id, keyword_id) VALUES (532, 11, 126);
INSERT INTO Keyword_map(mid, nonprofit_id, keyword_id) VALUES (533, 11, 127);
INSERT INTO Keyword_map(mid, nonprofit_id, keyword_id) VALUES (534, 11, 128);
INSERT INTO Keyword_map(mid, nonprofit_id, keyword_id) VALUES (535, 11, 129);
INSERT INTO Keyword_map(mid, nonprofit_id, keyword_id) VALUES (536, 12, 114);
INSERT INTO Keyword_map(mid, nonprofit_id, keyword_id) VALUES (537, 12, 130);
INSERT INTO Keyword_map(mid, nonprofit_id, keyword_id) VALUES (538, 12, 131);
INSERT INTO Keyword_map(mid, nonprofit_id, keyword_id) VALUES (539, 12, 132);
INSERT INTO Keyword_map(mid, nonprofit_id, keyword_id) VALUES (540, 13, 128);
INSERT INTO Keyword_map(mid, nonprofit_id, keyword_id) VALUES (541, 13, 133);
INSERT INTO Keyword_map(mid, nonprofit_id, keyword_id) VALUES (542, 13, 134);
INSERT INTO Keyword_map(mid, nonprofit_id, keyword_id) VALUES (543, 13, 135);
INSERT INTO Keyword_map(mid, nonprofit_id, keyword_id) VALUES (544, 14, 136);
INSERT INTO Keyword_map(mid, nonprofit_id, keyword_id) VALUES (545, 15, 114);
INSERT INTO Keyword_map(mid, nonprofit_id, keyword_id) VALUES (546, 15, 137);
INSERT INTO Keyword_map(mid, nonprofit_id, keyword_id) VALUES (547, 15, 138);
INSERT INTO Keyword_map(mid, nonprofit_id, keyword_id) VALUES (548, 15, 139);
INSERT INTO Keyword_map(mid, nonprofit_id, keyword_id) VALUES (549, 16, 140);
INSERT INTO Keyword_map(mid, nonprofit_id, keyword_id) VALUES (550, 16, 141);
INSERT INTO Keyword_map(mid, nonprofit_id, keyword_id) VALUES (551, 17, 142);
INSERT INTO Keyword_map(mid, nonprofit_id, keyword_id) VALUES (552, 17, 107);
INSERT INTO Keyword_map(mid, nonprofit_id, keyword_id) VALUES (553, 17, 144);
INSERT INTO Keyword_map(mid, nonprofit_id, keyword_id) VALUES (554, 17, 145);
INSERT INTO Keyword_map(mid, nonprofit_id, keyword_id) VALUES (555, 18, 146);
INSERT INTO Keyword_map(mid, nonprofit_id, keyword_id) VALUES (556, 18, 147);
INSERT INTO Keyword_map(mid, nonprofit_id, keyword_id) VALUES (557, 19, 148);
INSERT INTO Keyword_map(mid, nonprofit_id, keyword_id) VALUES (558, 20, 149);
INSERT INTO Keyword_map(mid, nonprofit_id, keyword_id) VALUES (559, 20, 150);
INSERT INTO Keyword_map(mid, nonprofit_id, keyword_id) VALUES (560, 20, 151);
INSERT INTO Keyword_map(mid, nonprofit_id, keyword_id) VALUES (561, 21, 152);
INSERT INTO Keyword_map(mid, nonprofit_id, keyword_id) VALUES (562, 21, 106);
INSERT INTO Keyword_map(mid, nonprofit_id, keyword_id) VALUES (563, 22, 153);
INSERT INTO Keyword_map(mid, nonprofit_id, keyword_id) VALUES (564, 22, 111);
INSERT INTO Keyword_map(mid, nonprofit_id, keyword_id) VALUES (565, 22, 121);
INSERT INTO Keyword_map(mid, nonprofit_id, keyword_id) VALUES (566, 23, 154);
INSERT INTO Keyword_map(mid, nonprofit_id, keyword_id) VALUES (567, 23, 155);
INSERT INTO Keyword_map(mid, nonprofit_id, keyword_id) VALUES (568, 23, 111);
INSERT INTO Keyword_map(mid, nonprofit_id, keyword_id) VALUES (569, 24, 107);
INSERT INTO Keyword_map(mid, nonprofit_id, keyword_id) VALUES (570, 24, 156);